{
  "by_mode": {
    "raw": {
      "mode": "raw",
      "angular_distribution": {
        "min_angle": 16.865390989162353,
        "max_angle": 53.26797880480858,
        "mean_angle": 42.830448639473545,
        "median_angle": 43.00749464408497,
        "std_angle": 3.055953419195695,
        "percentiles": {
          "5%": 37.64483463780582,
          "25%": 41.06898075466442,
          "50%": 43.00749464408497,
          "75%": 44.854863383851765,
          "95%": 47.45774741125794
        }
      },
      "random_baseline": {
        "n_symbols": 180,
        "embedding_dim": 1024,
        "baseline_samples": 25,
        "seed": 1337,
        "observed": {
          "pairwise_angle_mean_deg": 42.830448639473545,
          "pairwise_angle_std_deg": 3.055953419195695,
          "mean_resultant_length_rbar": 0.8566228224626128,
          "kappa_estimate": 3292.8697859146437
        },
        "random_baseline": {
          "pairwise_angle_mean_deg": {
            "mean": 89.99551234241049,
            "std": 0.013496065546291059,
            "min": 89.97424219370147,
            "max": 90.02171393219115
          },
          "pairwise_angle_std_deg": {
            "mean": 1.7896137299487185,
            "std": 0.00987991217971443,
            "min": 1.7707001893750816,
            "max": 1.812074901830811
          },
          "mean_resultant_length_rbar": {
            "mean": 0.07503969823669422,
            "std": 0.0015652798150525879,
            "min": 0.07196464907292163,
            "max": 0.07747569183960219
          },
          "kappa_estimate": {
            "mean": 77.27593623097643,
            "std": 1.6299692503026153,
            "min": 74.07505605377868,
            "max": 79.81372390425936
          },
          "percentile_of_observed": {
            "pairwise_angle_mean_deg": 0.0,
            "pairwise_angle_std_deg": 100.0,
            "mean_resultant_length_rbar": 100.0
          }
        },
        "distribution_tests": {
          "ks_test_observed_vs_random_sample0": {
            "statistic": 1.0,
            "pvalue": 0.0
          }
        }
      },
      "cluster_sweep": {
        "3": {
          "cluster_sizes": [
            177,
            2,
            1
          ],
          "gini": 0.6518518518518519,
          "max_cluster_fraction": 0.9833333333333333,
          "inv_simpson_effective_clusters": 1.0340205527541968
        },
        "4": {
          "cluster_sizes": [
            177,
            1,
            1,
            1
          ],
          "gini": 0.7333333333333333,
          "max_cluster_fraction": 0.9833333333333333,
          "inv_simpson_effective_clusters": 1.0340865568747608
        },
        "5": {
          "cluster_sizes": [
            173,
            4,
            1,
            1,
            1
          ],
          "gini": 0.7711111111111111,
          "max_cluster_fraction": 0.9611111111111111,
          "inv_simpson_effective_clusters": 1.0818752504340856
        },
        "6": {
          "cluster_sizes": [
            171,
            4,
            2,
            1,
            1,
            1
          ],
          "gini": 0.7962962962962963,
          "max_cluster_fraction": 0.95,
          "inv_simpson_effective_clusters": 1.1071623838162932
        },
        "8": {
          "cluster_sizes": [
            167,
            4,
            2,
            2,
            2,
            1,
            1,
            1
          ],
          "gini": 0.8194444444444444,
          "max_cluster_fraction": 0.9277777777777778,
          "inv_simpson_effective_clusters": 1.1604584527220632
        },
        "10": {
          "cluster_sizes": [
            140,
            24,
            4,
            3,
            2,
            2,
            2,
            1,
            1,
            1
          ],
          "gini": 0.7944444444444445,
          "max_cluster_fraction": 0.7777777777777778,
          "inv_simpson_effective_clusters": 1.6026909378709935
        },
        "12": {
          "cluster_sizes": [
            123,
            17,
            17,
            7,
            4,
            3,
            2,
            2,
            2,
            1,
            1,
            1
          ],
          "gini": 0.7546296296296297,
          "max_cluster_fraction": 0.6833333333333333,
          "inv_simpson_effective_clusters": 2.0511521904279566
        }
      },
      "role_geometry_unique": {
        "centroid_angles_deg": {
          "from-through": 7.937148550164101,
          "from-to": 1.0767453319934055,
          "from-observation": 6.947637259387478,
          "from-result": 6.333960650839057,
          "through-to": 7.856472112054098,
          "through-observation": 7.53446666409621,
          "through-result": 9.29101913285134,
          "to-observation": 6.87951242174916,
          "to-result": 6.499958298126254,
          "observation-result": 7.170392809842657
        },
        "role_permutation_test": {
          "n_permutations": 2000,
          "seed": 1337,
          "role_set_sizes_unique": {
            "from": 57,
            "through": 55,
            "to": 56,
            "observation": 57,
            "result": 54
          },
          "observed_angles_deg": {
            "from-to": 1.0767453319934055,
            "through-result": 9.29101913285134,
            "observation-result": 7.170392809842657
          },
          "null_distribution_summary": {
            "from-to": {
              "mean": 5.366921617428498,
              "std": 0.41417550104098744,
              "min": 4.032791926395494,
              "max": 6.8255446724897455
            },
            "through-result": {
              "mean": 5.504485559930083,
              "std": 0.43805893853623795,
              "min": 4.309270661712638,
              "max": 7.671384163877932
            },
            "observation-result": {
              "mean": 5.438939830095405,
              "std": 0.40763291343329844,
              "min": 4.236843997045565,
              "max": 6.987528884023861
            }
          },
          "pvalue_unusually_close": {
            "from-to": 0.0,
            "through-result": 1.0,
            "observation-result": 1.0
          },
          "pvalue_unusually_far": {
            "from-to": 1.0,
            "through-result": 0.0,
            "observation-result": 0.0
          }
        }
      }
    },
    "centered": {
      "mode": "centered",
      "angular_distribution": {
        "min_angle": 31.213438489163845,
        "max_angle": 105.63710990598602,
        "mean_angle": 90.30563472695214,
        "median_angle": 91.0396963665919,
        "std_angle": 5.594925708346648,
        "percentiles": {
          "5%": 80.66639738097275,
          "25%": 87.45929730311295,
          "50%": 91.0396963665919,
          "75%": 93.98193476079723,
          "95%": 97.81120873802163
        }
      },
      "random_baseline": {
        "n_symbols": 180,
        "embedding_dim": 1024,
        "baseline_samples": 25,
        "seed": 1337,
        "observed": {
          "pairwise_angle_mean_deg": 90.30563472695214,
          "pairwise_angle_std_deg": 5.594925708346648,
          "mean_resultant_length_rbar": 0.007626469731434475,
          "kappa_estimate": 7.809958812361445
        },
        "random_baseline": {
          "pairwise_angle_mean_deg": {
            "mean": 89.99551234241049,
            "std": 0.013496065546291059,
            "min": 89.97424219370147,
            "max": 90.02171393219115
          },
          "pairwise_angle_std_deg": {
            "mean": 1.7896137299487185,
            "std": 0.00987991217971443,
            "min": 1.7707001893750816,
            "max": 1.812074901830811
          },
          "mean_resultant_length_rbar": {
            "mean": 0.07503969823669422,
            "std": 0.0015652798150525879,
            "min": 0.07196464907292163,
            "max": 0.07747569183960219
          },