{
  "by_mode": {
    "raw": {
      "mode": "raw",
      "angular_distribution": {
        "min_angle": 23.38157258495455,
        "max_angle": 50.39696841962361,
        "mean_angle": 41.00639168881299,
        "median_angle": 41.01436052475496,
        "std_angle": 2.491577170031141,
        "percentiles": {
          "5%": 36.919098220119864,
          "25%": 39.40436132921873,
          "50%": 41.01436052475496,
          "75%": 42.699903680672975,
          "95%": 45.064768649103904
        }
      },
      "random_baseline": {
        "n_symbols": 180,
        "embedding_dim": 1024,
        "baseline_samples": 25,
        "seed": 1337,
        "observed": {
          "pairwise_angle_mean_deg": 41.00639168881299,
          "pairwise_angle_std_deg": 2.491577170031141,
          "mean_resultant_length_rbar": 0.8690731264485341,
          "kappa_estimate": 3633.9649918033433
        },
        "random_baseline": {
          "pairwise_angle_mean_deg": {
            "mean": 89.99551234241049,
            "std": 0.013496065546291059,
            "min": 89.97424219370147,
            "max": 90.02171393219115
          },
          "pairwise_angle_std_deg": {
            "mean": 1.7896137299487185,
            "std": 0.00987991217971443,
            "min": 1.7707001893750816,
            "max": 1.812074901830811
          },
          "mean_resultant_length_rbar": {
            "mean": 0.07503969823669422,
            "std": 0.0015652798150525879,
            "min": 0.07196464907292163,
            "max": 0.07747569183960219
          },
          "kappa_estimate": {
            "mean": 77.27593623097643,
            "std": 1.6299692503026153,
            "min": 74.07505605377868,
            "max": 79.81372390425936
          },
          "percentile_of_observed": {
            "pairwise_angle_mean_deg": 0.0,
            "pairwise_angle_std_deg": 100.0,
            "mean_resultant_length_rbar": 100.0
          }
        },
        "distribution_tests": {
          "ks_test_observed_vs_random_sample0": {
            "statistic": 1.0,
            "pvalue": 0.0
          }
        }
      },
      "cluster_sweep": {
        "3": {
          "cluster_sizes": [
            178,
            1,
            1
          ],
          "gini": 0.6555555555555556,
          "max_cluster_fraction": 0.9888888888888889,
          "inv_simpson_effective_clusters": 1.0225336110585115
        },
        "4": {
          "cluster_sizes": [
            176,
            2,
            1,
            1
          ],
          "gini": 0.7305555555555555,
          "max_cluster_fraction": 0.9777777777777777,
          "inv_simpson_effective_clusters": 1.0457685107481764
        },
        "5": {
          "cluster_sizes": [
            173,
            3,
            2,
            1,
            1
          ],
          "gini": 0.768888888888889,
          "max_cluster_fraction": 0.9611111111111111,
          "inv_simpson_effective_clusters": 1.082019770237777
        },
        "6": {
          "cluster_sizes": [
            164,
            9,
            3,
            2,
            1,
            1
          ],
          "gini": 0.7777777777777777,
          "max_cluster_fraction": 0.9111111111111111,
          "inv_simpson_effective_clusters": 1.2003556609365738
        },
        "8": {
          "cluster_sizes": [
            162,
            5,
            4,
            3,
            2,
            2,
            1,
            1
          ],
          "gini": 0.8013888888888889,
          "max_cluster_fraction": 0.9,
          "inv_simpson_effective_clusters": 1.2317518248175183
        },
        "10": {
          "cluster_sizes": [
            160,
            4,
            4,
            3,
            2,
            2,
            2,
            1,
            1,
            1
          ],
          "gini": 0.8166666666666667,
          "max_cluster_fraction": 0.8888888888888888,
          "inv_simpson_effective_clusters": 1.2628624883068291
        },
        "12": {
          "cluster_sizes": [
            154,
            4,
            4,
            4,
            3,
            2,
            2,
            2,
            2,
            1,
            1,
            1
          ],
          "gini": 0.8074074074074075,
          "max_cluster_fraction": 0.8555555555555555,
          "inv_simpson_effective_clusters": 1.3618022864828514
        }
      },
      "role_geometry_unique": {
        "centroid_angles_deg": {
          "from-through": 7.129847774307003,
          "from-to": 0.9600238405370545,
          "from-observation": 6.574312127743786,
          "from-result": 5.2925147799985295,
          "through-to": 7.09820940052314,
          "through-observation": 6.330217382908516,
          "through-result": 7.414180275059744,
          "to-observation": 6.516533950007367,
          "to-result": 5.346051072559821,
          "observation-result": 6.068853935348863
        },
        "role_permutation_test": {
          "n_permutations": 2000,
          "seed": 1337,
          "role_set_sizes_unique": {
            "from": 57,
            "through": 55,
            "to": 56,
            "observation": 57,
            "result": 54
          },
          "observed_angles_deg": {
            "from-to": 0.9600238405370545,
            "through-result": 7.414180275059744,
            "observation-result": 6.068853935348863
          },
          "null_distribution_summary": {
            "from-to": {
              "mean": 5.080788725277434,
              "std": 0.33939469426196167,
              "min": 4.0816619880565295,
              "max": 6.342027202881899
            },
            "through-result": {
              "mean": 5.213209387733721,
              "std": 0.3483000099079416,
              "min": 4.22729120710329,
              "max": 6.917118866617073
            },
            "observation-result": {
              "mean": 5.143588168229695,
              "std": 0.3226460920213494,
              "min": 4.105867546853343,
              "max": 6.418041221178681
            }
          },
          "pvalue_unusually_close": {
            "from-to": 0.0,
            "through-result": 1.0,
            "observation-result": 0.995
          },
          "pvalue_unusually_far": {
            "from-to": 1.0,
            "through-result": 0.0,
            "observation-result": 0.005
          }
        }
      }
    },
    "centered": {
      "mode": "centered",
      "angular_distribution": {
        "min_angle": 49.88102317926859,
        "max_angle": 102.53895706745264,
        "mean_angle": 90.31235482135055,
        "median_angle": 90.78006066544295,
        "std_angle": 4.332411612635042,
        "percentiles": {
          "5%": 82.78893683023439,
          "25%": 87.95738370961575,
          "50%": 90.78006066544295,
          "75%": 93.22596812756086,
          "95%": 96.40270073773783
        }
      },
      "random_baseline": {
        "n_symbols": 180,
        "embedding_dim": 1024,
        "baseline_samples": 25,
        "seed": 1337,
        "observed": {
          "pairwise_angle_mean_deg": 90.31235482135055,
          "pairwise_angle_std_deg": 4.332411612635042,
          "mean_resultant_length_rbar": 0.008646740343435294,
          "kappa_estimate": 8.854923513455836
        },
        "random_baseline": {
          "pairwise_angle_mean_deg": {
            "mean": 89.99551234241049,
            "std": 0.013496065546291059,
            "min": 89.97424219370147,
            "max": 90.02171393219115
          },
          "pairwise_angle_std_deg": {
            "mean": 1.7896137299487185,
            "std": 0.00987991217971443,
            "min": 1.7707001893750816,
            "max": 1.812074901830811
          },
          "mean_resultant_length_rbar": {
            "mean": 0.07503969823669422,
            "std": 0.0015652798150525879,
            "min": 0.07196464907292163,
            "max": 0.07747569183960219
          },