{
  "by_mode": {
    "raw": {
      "mode": "raw",
      "angular_distribution": {
        "min_angle": 33.35662502443557,
        "max_angle": 78.79089605222424,
        "mean_angle": 67.01985316514025,
        "median_angle": 67.28655988605874,
        "std_angle": 3.8468593674712332,
        "percentiles": {
          "5%": 60.37788532462796,
          "25%": 64.76845348246455,
          "50%": 67.28655988605874,
          "75%": 69.6288615592322,
          "95%": 72.72617142884879
        }
      },
      "random_baseline": {
        "n_symbols": 180,
        "embedding_dim": 1536,
        "baseline_samples": 25,
        "seed": 1337,
        "observed": {
          "pairwise_angle_mean_deg": 67.01985316514025,
          "pairwise_angle_std_deg": 3.8468593674712332,
          "mean_resultant_length_rbar": 0.626811641075265,
          "kappa_estimate": 1585.4472880967537
        },
        "random_baseline": {
          "pairwise_angle_mean_deg": {
            "mean": 89.99942861749366,
            "std": 0.010681363517701985,
            "min": 89.9779228843082,
            "max": 90.01708441462011
          },
          "pairwise_angle_std_deg": {
            "mean": 1.4623313480979956,
            "std": 0.0062769206540992314,
            "min": 1.4513211482578656,
            "max": 1.4776347073635507
          },
          "mean_resultant_length_rbar": {
            "mean": 0.07459184581567413,
            "std": 0.0012363789083592624,
            "min": 0.07251970477804048,
            "max": 0.07706238514929818
          },
          "kappa_estimate": {
            "mean": 115.21423935127132,
            "std": 1.9313633324985944,
            "min": 111.97879367286775,
            "max": 119.0745031242495
          },
          "percentile_of_observed": {
            "pairwise_angle_mean_deg": 0.0,
            "pairwise_angle_std_deg": 100.0,
            "mean_resultant_length_rbar": 100.0
          }
        },
        "distribution_tests": {
          "ks_test_observed_vs_random_sample0": {
            "statistic": 1.0,
            "pvalue": 0.0
          }
        }
      },
      "cluster_sweep": {
        "3": {
          "cluster_sizes": [
            177,
            2,
            1
          ],
          "gini": 0.6518518518518519,
          "max_cluster_fraction": 0.9833333333333333,
          "inv_simpson_effective_clusters": 1.0340205527541968
        },
        "4": {
          "cluster_sizes": [
            161,
            16,
            2,
            1
          ],
          "gini": 0.6861111111111111,
          "max_cluster_fraction": 0.8944444444444445,
          "inv_simpson_effective_clusters": 1.2374914063096782
        },
        "5": {
          "cluster_sizes": [
            153,
            16,
            8,
            2,
            1
          ],
          "gini": 0.7066666666666667,
          "max_cluster_fraction": 0.85,
          "inv_simpson_effective_clusters": 1.3651301929721078
        },
        "6": {
          "cluster_sizes": [
            153,
            10,
            8,
            6,
            2,
            1
          ],
          "gini": 0.7277777777777779,
          "max_cluster_fraction": 0.85,
          "inv_simpson_effective_clusters": 1.3720674176336074
        },
        "8": {
          "cluster_sizes": [
            115,
            27,
            11,
            10,
            8,
            6,
            2,
            1
          ],
          "gini": 0.6527777777777778,
          "max_cluster_fraction": 0.6388888888888888,
          "inv_simpson_effective_clusters": 2.26890756302521
        },
        "10": {
          "cluster_sizes": [
            115,
            26,
            11,
            8,
            8,
            6,
            2,
            2,
            1,
            1
          ],
          "gini": 0.7033333333333334,
          "max_cluster_fraction": 0.6388888888888888,
          "inv_simpson_effective_clusters": 2.282333051563821
        },
        "12": {
          "cluster_sizes": [
            79,
            32,
            26,
            11,
            8,
            8,
            6,
            4,
            2,
            2,
            1,
            1
          ],
          "gini": 0.6314814814814814,
          "max_cluster_fraction": 0.4388888888888889,
          "inv_simpson_effective_clusters": 3.926320891904994
        }
      },
      "role_geometry_unique": {
        "centroid_angles_deg": {
          "from-through": 15.775452833130279,
          "from-to": 2.2037216263518973,
          "from-observation": 13.970341263077543,
          "from-result": 12.720976293056761,
          "through-to": 15.553804923077609,
          "through-observation": 14.718181265443256,
          "through-result": 17.92960585973221,
          "to-observation": 13.902634803340213,
          "to-result": 13.118126785404405,
          "observation-result": 14.023236755295036
        },
        "role_permutation_test": {
          "n_permutations": 2000,
          "seed": 1337,
          "role_set_sizes_unique": {
            "from": 57,
            "through": 55,
            "to": 56,
            "observation": 57,
            "result": 54
          },
          "observed_angles_deg": {
            "from-to": 2.2037216263518973,
            "through-result": 17.92960585973221,
            "observation-result": 14.023236755295036
          },
          "null_distribution_summary": {
            "from-to": {
              "mean": 11.008384552768604,
              "std": 0.777196681099374,
              "min": 8.804480326503848,
              "max": 13.513110113258161
            },
            "through-result": {
              "mean": 11.294819291383536,
              "std": 0.8025449310594497,
              "min": 8.942522605357105,
              "max": 15.036971910801002
            },
            "observation-result": {
              "mean": 11.146632869478417,
              "std": 0.7602062940465633,
              "min": 8.522682425986307,
              "max": 14.667854265160198
            }
          },
          "pvalue_unusually_close": {
            "from-to": 0.0,
            "through-result": 1.0,
            "observation-result": 0.9995
          },
          "pvalue_unusually_far": {
            "from-to": 1.0,
            "through-result": 0.0,
            "observation-result": 0.0005
          }
        }
      }
    },
    "centered": {
      "mode": "centered",
      "angular_distribution": {
        "min_angle": 42.85008435091055,
        "max_angle": 104.74850767385844,
        "mean_angle": 90.31291165627577,
        "median_angle": 90.97149231478004,
        "std_angle": 4.795028491798314,
        "percentiles": {
          "5%": 81.76682750617401,
          "25%": 87.83946388386832,
          "50%": 90.97149231478004,
          "75%": 93.53135360514197,
          "95%": 96.75405953419073
        }
      },
      "random_baseline": {
        "n_symbols": 180,
        "embedding_dim": 1536,
        "baseline_samples": 25,
        "seed": 1337,
        "observed": {
          "pairwise_angle_mean_deg": 90.31291165627577,
          "pairwise_angle_std_deg": 4.795028491798314,
          "mean_resultant_length_rbar": 0.0048336428178579185,
          "kappa_estimate": 7.424648725552785
        },
        "random_baseline": {
          "pairwise_angle_mean_deg": {
            "mean": 89.99942861749366,
            "std": 0.010681363517701985,
            "min": 89.9779228843082,
            "max": 90.01708441462011
          },
          "pairwise_angle_std_deg": {
            "mean": 1.4623313480979956,
            "std": 0.0062769206540992314,
            "min": 1.4513211482578656,
            "max": 1.4776347073635507
          },
          "mean_resultant_length_rbar": {
            "mean": 0.07459184581567413,
            "std": 0.0012363789083592624,
            "min": 0.07251970477804048,