{
  "by_mode": {
    "raw": {
      "mode": "raw",
      "angular_distribution": {
        "min_angle": 21.571523492344276,
        "max_angle": 54.94850930741664,
        "mean_angle": 40.82734075296073,
        "median_angle": 41.09765359618322,
        "std_angle": 3.888029665104179,
        "percentiles": {
          "5%": 34.06659985942013,
          "25%": 38.44699965217862,
          "50%": 41.09765359618322,
          "75%": 43.46673612998697,
          "95%": 46.71155027459601
        }
      },
      "random_baseline": {
        "n_symbols": 180,
        "embedding_dim": 1024,
        "baseline_samples": 25,
        "seed": 1337,
        "observed": {
          "pairwise_angle_mean_deg": 40.82734075296073,
          "pairwise_angle_std_deg": 3.888029665104179,
          "mean_resultant_length_rbar": 0.869650219305868,
          "kappa_estimate": 3651.3463005133976
        },
        "random_baseline": {
          "pairwise_angle_mean_deg": {
            "mean": 89.99551234241049,
            "std": 0.013496065546291059,
            "min": 89.97424219370147,
            "max": 90.02171393219115
          },
          "pairwise_angle_std_deg": {
            "mean": 1.7896137299487185,
            "std": 0.00987991217971443,
            "min": 1.7707001893750816,
            "max": 1.812074901830811
          },
          "mean_resultant_length_rbar": {
            "mean": 0.07503969823669422,
            "std": 0.0015652798150525879,
            "min": 0.07196464907292163,
            "max": 0.07747569183960219
          },
          "kappa_estimate": {
            "mean": 77.27593623097643,
            "std": 1.6299692503026153,
            "min": 74.07505605377868,
            "max": 79.81372390425936
          },
          "percentile_of_observed": {
            "pairwise_angle_mean_deg": 0.0,
            "pairwise_angle_std_deg": 100.0,
            "mean_resultant_length_rbar": 100.0
          }
        },
        "distribution_tests": {
          "ks_test_observed_vs_random_sample0": {
            "statistic": 1.0,
            "pvalue": 0.0
          }
        }
      },
      "cluster_sweep": {
        "3": {
          "cluster_sizes": [
            178,
            1,
            1
          ],
          "gini": 0.6555555555555556,
          "max_cluster_fraction": 0.9888888888888889,
          "inv_simpson_effective_clusters": 1.0225336110585115
        },
        "4": {
          "cluster_sizes": [
            177,
            1,
            1,
            1
          ],
          "gini": 0.7333333333333333,
          "max_cluster_fraction": 0.9833333333333333,
          "inv_simpson_effective_clusters": 1.0340865568747608
        },
        "5": {
          "cluster_sizes": [
            176,
            1,
            1,
            1,
            1
          ],
          "gini": 0.7777777777777778,
          "max_cluster_fraction": 0.9777777777777777,
          "inv_simpson_effective_clusters": 1.0458360232408006
        },
        "6": {
          "cluster_sizes": [
            175,
            1,
            1,
            1,
            1,
            1
          ],
          "gini": 0.8055555555555557,
          "max_cluster_fraction": 0.9722222222222222,
          "inv_simpson_effective_clusters": 1.0577864838393733
        },
        "8": {
          "cluster_sizes": [
            170,
            3,
            2,
            1,
            1,
            1,
            1,
            1
          ],
          "gini": 0.8305555555555555,
          "max_cluster_fraction": 0.9444444444444444,
          "inv_simpson_effective_clusters": 1.1204094335707864
        },
        "10": {
          "cluster_sizes": [
            168,
            3,
            2,
            1,
            1,
            1,
            1,
            1,
            1,
            1
          ],
          "gini": 0.8455555555555556,
          "max_cluster_fraction": 0.9333333333333333,
          "inv_simpson_effective_clusters": 1.147146296558561
        },
        "12": {
          "cluster_sizes": [
            161,
            6,
            3,
            2,
            1,
            1,
            1,
            1,
            1,
            1,
            1,
            1
          ],
          "gini": 0.8444444444444444,
          "max_cluster_fraction": 0.8944444444444445,
          "inv_simpson_effective_clusters": 1.2472091769959197
        }
      },
      "role_geometry_unique": {
        "centroid_angles_deg": {
          "from-through": 6.13290568904855,
          "from-to": 0.9024651304978685,
          "from-observation": 5.836121259043069,
          "from-result": 5.577588997811164,
          "through-to": 6.1694295097256235,
          "through-observation": 6.506108052539457,
          "through-result": 7.350786393020006,
          "to-observation": 5.931932203892562,
          "to-result": 5.795273915167044,
          "observation-result": 6.20075677046259
        },
        "role_permutation_test": {
          "n_permutations": 2000,
          "seed": 1337,
          "role_set_sizes_unique": {
            "from": 57,
            "through": 55,
            "to": 56,
            "observation": 57,
            "result": 54
          },
          "observed_angles_deg": {
            "from-to": 0.9024651304978685,
            "through-result": 7.350786393020006,
            "observation-result": 6.20075677046259
          },
          "null_distribution_summary": {
            "from-to": {
              "mean": 5.055059655365978,
              "std": 0.365640431043755,
              "min": 3.9155277908292474,
              "max": 6.55918301671324
            },
            "through-result": {
              "mean": 5.2020949406143355,
              "std": 0.39778462116038815,
              "min": 4.068434409747781,
              "max": 7.729035407785573
            },
            "observation-result": {
              "mean": 5.130331729878574,
              "std": 0.3663540692498637,
              "min": 3.918055704500204,
              "max": 6.838183983321447
            }
          },
          "pvalue_unusually_close": {
            "from-to": 0.0,
            "through-result": 0.9995,
            "observation-result": 0.9935
          },
          "pvalue_unusually_far": {
            "from-to": 1.0,
            "through-result": 0.0005,
            "observation-result": 0.0065
          }
        }
      }
    },
    "centered": {
      "mode": "centered",
      "angular_distribution": {
        "min_angle": 53.00344529120612,
        "max_angle": 107.10949657856207,
        "mean_angle": 90.29995699154134,
        "median_angle": 90.83491895069358,
        "std_angle": 5.116175075442104,
        "percentiles": {
          "5%": 81.19587430876858,
          "25%": 87.50929821194198,
          "50%": 90.83491895069358,
          "75%": 93.75598500065797,
          "95%": 97.56163261308873
        }
      },
      "random_baseline": {
        "n_symbols": 180,
        "embedding_dim": 1024,
        "baseline_samples": 25,
        "seed": 1337,
        "observed": {
          "pairwise_angle_mean_deg": 90.29995699154134,
          "pairwise_angle_std_deg": 5.116175075442104,
          "mean_resultant_length_rbar": 0.016417086025196218,
          "kappa_estimate": 16.81562382398816
        },
        "random_baseline": {
          "pairwise_angle_mean_deg": {
            "mean": 89.99551234241049,
            "std": 0.013496065546291059,
            "min": 89.97424219370147,
            "max": 90.02171393219115
          },
          "pairwise_angle_std_deg": {
            "mean": 1.7896137299487185,
            "std": 0.00987991217971443,
            "min": 1.7707001893750816,
            "max": 1.812074901830811
          },
          "mean_resultant_length_rbar": {
            "mean": 0.07503969823669422,
            "std": 0.0015652798150525879,
            "min": 0.07196464907292163,