{
  "by_mode": {
    "raw": {
      "mode": "raw",
      "angular_distribution": {
        "min_angle": 27.658351772467007,
        "max_angle": 56.337169311699355,
        "mean_angle": 47.85804419066413,
        "median_angle": 47.92327324601706,
        "std_angle": 2.8442442834981234,
        "percentiles": {
          "5%": 43.145046375429956,
          "25%": 45.949347953814495,
          "50%": 47.92327324601706,
          "75%": 49.88546292994156,
          "95%": 52.31519406784473
        }
      },
      "random_baseline": {
        "n_symbols": 180,
        "embedding_dim": 768,
        "baseline_samples": 25,
        "seed": 1337,
        "observed": {
          "pairwise_angle_mean_deg": 47.85804419066413,
          "pairwise_angle_std_deg": 2.8442442834981234,
          "mean_resultant_length_rbar": 0.8197389332150441,
          "kappa_estimate": 1917.545158132766
        },
        "random_baseline": {
          "pairwise_angle_mean_deg": {
            "mean": 89.99933231296332,
            "std": 0.016496174927403528,
            "min": 89.95663964266855,
            "max": 90.02333785241227
          },
          "pairwise_angle_std_deg": {
            "mean": 2.0683210713534863,
            "std": 0.012466637242098769,
            "min": 2.0438537159996915,
            "max": 2.090071104696423
          },
          "mean_resultant_length_rbar": {
            "mean": 0.07458917020879523,
            "std": 0.0019048053922097591,
            "min": 0.07176703285092062,
            "max": 0.07942230874784723
          },
          "kappa_estimate": {
            "mean": 57.605190654347886,
            "std": 1.4878599974271742,
            "min": 55.402060292486624,
            "max": 61.38303033912798
          },
          "percentile_of_observed": {
            "pairwise_angle_mean_deg": 0.0,
            "pairwise_angle_std_deg": 100.0,
            "mean_resultant_length_rbar": 100.0
          }
        },
        "distribution_tests": {
          "ks_test_observed_vs_random_sample0": {
            "statistic": 1.0,
            "pvalue": 0.0
          }
        }
      },
      "cluster_sweep": {
        "3": {
          "cluster_sizes": [
            176,
            3,
            1
          ],
          "gini": 0.6481481481481483,
          "max_cluster_fraction": 0.9777777777777777,
          "inv_simpson_effective_clusters": 1.045633511908604
        },
        "4": {
          "cluster_sizes": [
            174,
            3,
            2,
            1
          ],
          "gini": 0.7222222222222222,
          "max_cluster_fraction": 0.9666666666666667,
          "inv_simpson_effective_clusters": 1.0696599537801255
        },
        "5": {
          "cluster_sizes": [
            171,
            3,
            3,
            2,
            1
          ],
          "gini": 0.7577777777777778,
          "max_cluster_fraction": 0.95,
          "inv_simpson_effective_clusters": 1.107162383816293
        },
        "6": {
          "cluster_sizes": [
            169,
            3,
            3,
            2,
            2,
            1
          ],
          "gini": 0.7814814814814816,
          "max_cluster_fraction": 0.9388888888888889,
          "inv_simpson_effective_clusters": 1.133342661256471
        },
        "8": {
          "cluster_sizes": [
            159,
            7,
            3,
            3,
            3,
            2,
            2,
            1
          ],
          "gini": 0.7875,
          "max_cluster_fraction": 0.8833333333333333,
          "inv_simpson_effective_clusters": 1.2773003232673659
        },
        "10": {
          "cluster_sizes": [
            159,
            7,
            3,
            2,
            2,
            2,
            2,
            1,
            1,
            1
          ],
          "gini": 0.818888888888889,
          "max_cluster_fraction": 0.8833333333333333,
          "inv_simpson_effective_clusters": 1.2777032889029105
        },
        "12": {
          "cluster_sizes": [
            143,
            13,
            7,
            3,
            3,
            2,
            2,
            2,
            2,
            1,
            1,
            1
          ],
          "gini": 0.7962962962962963,
          "max_cluster_fraction": 0.7944444444444444,
          "inv_simpson_effective_clusters": 1.5649149922720251
        }
      },
      "role_geometry_unique": {
        "centroid_angles_deg": {
          "from-through": 8.641265331187064,
          "from-to": 1.275672765075754,
          "from-observation": 8.127810864185706,
          "from-result": 7.147945261630072,
          "through-to": 8.55814891804679,
          "through-observation": 8.258654541222048,
          "through-result": 9.404638349640386,
          "to-observation": 8.083869457093101,
          "to-result": 7.283067420180992,
          "observation-result": 7.743603661748977
        },
        "role_permutation_test": {
          "n_permutations": 2000,
          "seed": 1337,
          "role_set_sizes_unique": {
            "from": 57,
            "through": 55,
            "to": 56,
            "observation": 57,
            "result": 54
          },
          "observed_angles_deg": {
            "from-to": 1.275672765075754,
            "through-result": 9.404638349640386,
            "observation-result": 7.743603661748977
          },
          "null_distribution_summary": {
            "from-to": {
              "mean": 6.228107944952937,
              "std": 0.39470239166339866,
              "min": 4.904755390918504,
              "max": 7.701498028851157
            },
            "through-result": {
              "mean": 6.391791683043096,
              "std": 0.4031770313991417,
              "min": 5.093067887744333,
              "max": 7.853467761711482
            },
            "observation-result": {
              "mean": 6.306579713408202,
              "std": 0.38432891639270533,
              "min": 5.134680938189235,
              "max": 7.981706493174633
            }
          },
          "pvalue_unusually_close": {
            "from-to": 0.0,
            "through-result": 1.0,
            "observation-result": 0.9985
          },
          "pvalue_unusually_far": {
            "from-to": 1.0,
            "through-result": 0.0,
            "observation-result": 0.0015
          }
        }
      }
    },
    "centered": {
      "mode": "centered",
      "angular_distribution": {
        "min_angle": 46.656390839234234,
        "max_angle": 102.40494149677042,
        "mean_angle": 90.31225442966814,
        "median_angle": 90.7302036009241,
        "std_angle": 3.996282101772168,
        "percentiles": {
          "5%": 83.3783483693089,
          "25%": 88.1298975993428,
          "50%": 90.7302036009241,
          "75%": 93.01766992442253,
          "95%": 95.9279370202758
        }
      },
      "random_baseline": {
        "n_symbols": 180,
        "embedding_dim": 768,
        "baseline_samples": 25,
        "seed": 1337,
        "observed": {
          "pairwise_angle_mean_deg": 90.31225442966814,
          "pairwise_angle_std_deg": 3.996282101772168,
          "mean_resultant_length_rbar": 0.009476493414452966,
          "kappa_estimate": 7.278599738116256
        },
        "random_baseline": {
          "pairwise_angle_mean_deg": {
            "mean": 89.99933231296332,
            "std": 0.016496174927403528,
            "min": 89.95663964266855,
            "max": 90.02333785241227
          },
          "pairwise_angle_std_deg": {
            "mean": 2.0683210713534863,
            "std": 0.012466637242098769,
            "min": 2.0438537159996915,
            "max": 2.090071104696423
          },
          "mean_resultant_length_rbar": {
            "mean": 0.07458917020879523,
            "std": 0.0019048053922097591,
            "min": 0.07176703285092062,
            "max": 0.07942230874784723
          },