{
  "by_mode": {
    "raw": {
      "mode": "raw",
      "angular_distribution": {
        "min_angle": 14.708937730813458,
        "max_angle": 41.232087149017275,
        "mean_angle": 33.21660633390838,
        "median_angle": 33.275727214105316,
        "std_angle": 1.8418175189562507,
        "percentiles": {
          "5%": 30.24253795241803,
          "25%": 32.117834838709555,
          "50%": 33.275727214105316,
          "75%": 34.39571631528814,
          "95%": 36.01221096832393
        }
      },
      "random_baseline": {
        "n_symbols": 180,
        "embedding_dim": 1536,
        "baseline_samples": 25,
        "seed": 1337,
        "observed": {
          "pairwise_angle_mean_deg": 33.21660633390838,
          "pairwise_angle_std_deg": 1.8418175189562507,
          "mean_resultant_length_rbar": 0.9149220203481079,
          "kappa_estimate": 8621.25101708825
        },
        "random_baseline": {
          "pairwise_angle_mean_deg": {
            "mean": 89.99942861749366,
            "std": 0.010681363517701985,
            "min": 89.9779228843082,
            "max": 90.01708441462011
          },
          "pairwise_angle_std_deg": {
            "mean": 1.4623313480979956,
            "std": 0.0062769206540992314,
            "min": 1.4513211482578656,
            "max": 1.4776347073635507
          },
          "mean_resultant_length_rbar": {
            "mean": 0.07459184581567413,
            "std": 0.0012363789083592624,
            "min": 0.07251970477804048,
            "max": 0.07706238514929818
          },
          "kappa_estimate": {
            "mean": 115.21423935127132,
            "std": 1.9313633324985944,
            "min": 111.97879367286775,
            "max": 119.0745031242495
          },
          "percentile_of_observed": {
            "pairwise_angle_mean_deg": 0.0,
            "pairwise_angle_std_deg": 100.0,
            "mean_resultant_length_rbar": 100.0
          }
        },
        "distribution_tests": {
          "ks_test_observed_vs_random_sample0": {
            "statistic": 1.0,
            "pvalue": 0.0
          }
        }
      },
      "cluster_sweep": {
        "3": {
          "cluster_sizes": [
            178,
            1,
            1
          ],
          "gini": 0.6555555555555556,
          "max_cluster_fraction": 0.9888888888888889,
          "inv_simpson_effective_clusters": 1.0225336110585115
        },
        "4": {
          "cluster_sizes": [
            177,
            1,
            1,
            1
          ],
          "gini": 0.7333333333333333,
          "max_cluster_fraction": 0.9833333333333333,
          "inv_simpson_effective_clusters": 1.0340865568747608
        },
        "5": {
          "cluster_sizes": [
            175,
            2,
            1,
            1,
            1
          ],
          "gini": 0.7755555555555556,
          "max_cluster_fraction": 0.9722222222222222,
          "inv_simpson_effective_clusters": 1.0577174196918258
        },
        "6": {
          "cluster_sizes": [
            169,
            6,
            2,
            1,
            1,
            1
          ],
          "gini": 0.7925925925925926,
          "max_cluster_fraction": 0.9388888888888889,
          "inv_simpson_effective_clusters": 1.1327087120682422
        },
        "8": {
          "cluster_sizes": [
            159,
            6,
            6,
            4,
            2,
            1,
            1,
            1
          ],
          "gini": 0.7972222222222223,
          "max_cluster_fraction": 0.8833333333333333,
          "inv_simpson_effective_clusters": 1.2767969735182851
        },
        "10": {
          "cluster_sizes": [
            153,
            6,
            6,
            4,
            3,
            3,
            2,
            1,
            1,
            1
          ],
          "gini": 0.7966666666666666,
          "max_cluster_fraction": 0.85,
          "inv_simpson_effective_clusters": 1.3774338916758784
        },
        "12": {
          "cluster_sizes": [
            144,
            9,
            6,
            6,
            4,
            3,
            3,
            1,
            1,
            1,
            1,
            1
          ],
          "gini": 0.7935185185185185,
          "max_cluster_fraction": 0.8,
          "inv_simpson_effective_clusters": 1.548165137614679
        }
      },
      "role_geometry_unique": {
        "centroid_angles_deg": {
          "from-through": 5.348346491189941,
          "from-to": 0.7899624772936759,
          "from-observation": 5.087156023498862,
          "from-result": 4.401764801672583,
          "through-to": 5.330066626733041,
          "through-observation": 5.1673901364914165,
          "through-result": 6.026642054736563,
          "to-observation": 5.066810293087403,
          "to-result": 4.532453267397232,
          "observation-result": 4.8806151974284075
        },
        "role_permutation_test": {
          "n_permutations": 2000,
          "seed": 1337,
          "role_set_sizes_unique": {
            "from": 57,
            "through": 55,
            "to": 56,
            "observation": 57,
            "result": 54
          },
          "observed_angles_deg": {
            "from-to": 0.7899624772936759,
            "through-result": 6.026642054736563,
            "observation-result": 4.8806151974284075
          },
          "null_distribution_summary": {
            "from-to": {
              "mean": 3.9304342387586058,
              "std": 0.26499190870145095,
              "min": 3.19253554246803,
              "max": 4.847074481540955
            },
            "through-result": {
              "mean": 4.044897545571226,
              "std": 0.2758384199312287,
              "min": 3.2853584780696887,
              "max": 5.138418870943487
            },
            "observation-result": {
              "mean": 3.992216459104931,
              "std": 0.25973175999291753,
              "min": 3.1891087403003526,
              "max": 4.974781806002491
            }
          },
          "pvalue_unusually_close": {
            "from-to": 0.0,
            "through-result": 1.0,
            "observation-result": 0.9975
          },
          "pvalue_unusually_far": {
            "from-to": 1.0,
            "through-result": 0.0,
            "observation-result": 0.0025
          }
        }
      }
    },
    "centered": {
      "mode": "centered",
      "angular_distribution": {
        "min_angle": 37.818273191850004,
        "max_angle": 102.90203517595363,
        "mean_angle": 90.3131539361148,
        "median_angle": 90.91010241774063,
        "std_angle": 4.546602352396646,
        "percentiles": {
          "5%": 82.2337678109865,
          "25%": 87.9885246245662,
          "50%": 90.91010241774063,
          "75%": 93.3151824912629,
          "95%": 96.45080257716418
        }
      },
      "random_baseline": {
        "n_symbols": 180,
        "embedding_dim": 1536,
        "baseline_samples": 25,
        "seed": 1337,
        "observed": {
          "pairwise_angle_mean_deg": 90.3131539361148,
          "pairwise_angle_std_deg": 4.546602352396646,
          "mean_resultant_length_rbar": 0.005337909737335093,
          "kappa_estimate": 8.199262828346692
        },
        "random_baseline": {
          "pairwise_angle_mean_deg": {
            "mean": 89.99942861749366,
            "std": 0.010681363517701985,
            "min": 89.9779228843082,
            "max": 90.01708441462011
          },
          "pairwise_angle_std_deg": {
            "mean": 1.4623313480979956,
            "std": 0.0062769206540992314,
            "min": 1.4513211482578656,
            "max": 1.4776347073635507
          },
          "mean_resultant_length_rbar": {
            "mean": 0.07459184581567413,
            "std": 0.0012363789083592624,
            "min": 0.07251970477804048,
            "max": 0.07706238514929818
          },